Workbook

Sheet Sheet1
A1: Company | B1: estimated_revenue | C1: estimated_units_sold
A2: DELL | B2: 1.3428918e+08 | C2: 84
A3: LENOVO | B3: 1.22219e+08 | C3: 17
A4: HP | B4: 93536773 | C4: 126
A5: ASUS | B5: 66119836 | C5: 3
A6: ACER | B6: 35387824 | C6: 237
A7: TOSHIBA | B7: 23699157 | C7: 3
A8: MSI | B8: 23137373 | C8: 3
A9: APPLE | B9: 9405530.1 | C9: 185
A10: SAMSUNG | B10: 4776552 | C10: 2
A11: RAZER | B11: 4085297.3 | C11: 230
A12: MICROSOFT | B12: 3572208.2 | C12: 3
A13: XIAOMI | B13: 2177899.9 | C13: 7
... A20: VERO | B20: 218927.52 | C20: 4

Sheet Dashboard

Sheet Strategic_Summary
B5: Brand | C5: High Value % | D5: Avg Value Index % | E5: Estimated Revenue
B6: ACER | C6: =_xlfn.XLOOKUP(B6,[1]Dashboard!$A$4:$A$23,[1]Dashboard!$C$4:$C$23) -> 0.63095238 | D6: =_xlfn.XLOOKUP(B6,'[1]Average Of Value_Index'!$K$4:$K$22,'[1]Average Of Value_Index'!$L$4:$L$22) -> 1.2854469e-05 | E6: =_xlfn.XLOOKUP(B6,Sheet1!$A$2:$A$20,Sheet1!$B$2:$B$20) -> 35387824
B7: APPLE | C7: =_xlfn.XLOOKUP(B7,[1]Dashboard!$A$4:$A$23,[1]Dashboard!$C$4:$C$23) -> 0 | D7: =_xlfn.XLOOKUP(B7,'[1]Average Of Value_Index'!$K$4:$K$22,'[1]Average Of Value_Index'!$L$4:$L$22) -> 6.6001255e-06 | E7: =_xlfn.XLOOKUP(B7,Sheet1!$A$2:$A$20,Sheet1!$B$2:$B$20) -> 9405530.1
B8: ASUS | C8: =_xlfn.XLOOKUP(B8,[1]Dashboard!$A$4:$A$23,[1]Dashboard!$C$4:$C$23) -> 0.26984127 | D8: =_xlfn.XLOOKUP(B8,'[1]Average Of Value_Index'!$K$4:$K$22,'[1]Average Of Value_Index'!$L$4:$L$22) -> 1.0005179e-05 | E8: =_xlfn.XLOOKUP(B8,Sheet1!$A$2:$A$20,Sheet1!$B$2:$B$20) -> 66119836
B9: CHUWI | C9: =_xlfn.XLOOKUP(B9,[1]Dashboard!$A$4:$A$23,[1]Dashboard!$C$4:$C$23) -> 0 | D9: =_xlfn.XLOOKUP(B9,'[1]Average Of Value_Index'!$K$4:$K$22,'[1]Average Of Value_Index'!$L$4:$L$22) -> 7.5078148e-06 | E9: =_xlfn.XLOOKUP(B9,Sheet1!$A$2:$A$20,Sheet1!$B$2:$B$20) -> 356443.73
B10: DELL | C10: =_xlfn.XLOOKUP(B10,[1]Dashboard!$A$4:$A$23,[1]Dashboard!$C$4:$C$23) -> 0.34177215 | D10: =_xlfn.XLOOKUP(B10,'[1]Average Of Value_Index'!$K$4:$K$22,'[1]Average Of Value_Index'!$L$4:$L$22) -> 1.0254309e-05 | E10: =_xlfn.XLOOKUP(B10,Sheet1!$A$2:$A$20,Sheet1!$B$2:$B$20) -> 1.3428918e+08
B11: FUJITSU | C11: =_xlfn.XLOOKUP(B11,[1]Dashboard!$A$4:$A$23,[1]Dashboard!$C$4:$C$23) -> 1 | D11: =_xlfn.XLOOKUP(B11,'[1]Average Of Value_Index'!$K$4:$K$22,'[1]Average Of Value_Index'!$L$4:$L$22) -> 1.4185012e-05 | E11: =_xlfn.XLOOKUP(B11,Sheet1!$A$2:$A$20,Sheet1!$B$2:$B$20) -> 1657913.8
B12: GOOGLE | C12: =_xlfn.XLOOKUP(B12,[1]Dashboard!$A$4:$A$23,[1]Dashboard!$C$4:$C$23) -> 0 | D12: =_xlfn.XLOOKUP(B12,'[1]Average Of Value_Index'!$K$4:$K$22,'[1]Average Of Value_Index'!$L$4:$L$22) -> 5.9167124e-06 | E12: =_xlfn.XLOOKUP(B12,Sheet1!$A$2:$A$20,Sheet1!$B$2:$B$20) -> 1559718.7
B13: HP | C13: =_xlfn.XLOOKUP(B13,[1]Dashboard!$A$4:$A$23,[1]Dashboard!$C$4:$C$23) -> 0.31891892 | D13: =_xlfn.XLOOKUP(B13,'[1]Average Of Value_Index'!$K$4:$K$22,'[1]Average Of Value_Index'!$L$4:$L$22) -> 1.0823484e-05 | E13: =_xlfn.XLOOKUP(B13,Sheet1!$A$2:$A$20,Sheet1!$B$2:$B$20) -> 93536773
B14: HUAWEI | C14: =_xlfn.XLOOKUP(B14,[1]Dashboard!$A$4:$A$23,[1]Dashboard!$C$4:$C$23) -> 0 | D14: =_xlfn.XLOOKUP(B14,'[1]Average Of Value_Index'!$K$4:$K$22,'[1]Average Of Value_Index'!$L$4:$L$22) -> 8.2501467e-06 | E14: =_xlfn.XLOOKUP(B14,Sheet1!$A$2:$A$20,Sheet1!$B$2:$B$20) -> 1293798.2
B15: LENOVO | C15: =_xlfn.XLOOKUP(B15,[1]Dashboard!$A$4:$A$23,[1]Dashboard!$C$4:$C$23) -> 0.40869565 | D15: =_xlfn.XLOOKUP(B15,'[1]Average Of Value_Index'!$K$4:$K$22,'[1]Average Of Value_Index'!$L$4:$L$22) -> 1.100615e-05 | E15: =_xlfn.XLOOKUP(B15,Sheet1!$A$2:$A$20,Sheet1!$B$2:$B$20) -> 1.22219e+08
B16: LG | C16: =_xlfn.XLOOKUP(B16,[1]Dashboard!$A$4:$A$23,[1]Dashboard!$C$4:$C$23) -> 0 | D16: =_xlfn.XLOOKUP(B16,'[1]Average Of Value_Index'!$K$4:$K$22,'[1]Average Of Value_Index'!$L$4:$L$22) -> 6.0943402e-06 | E16: =_xlfn.XLOOKUP(B16,Sheet1!$A$2:$A$20,Sheet1!$B$2:$B$20) -> 2103547.7
B17: MEDIACOM | C17: =_xlfn.XLOOKUP(B17,[1]Dashboard!$A$4:$A$23,[1]Dashboard!$C$4:$C$23) -> 0 | D17: =_xlfn.XLOOKUP(B17,'[1]Average Of Value_Index'!$K$4:$K$22,'[1]Average Of Value_Index'!$L$4:$L$22) -> 7.4075191e-06 | E17: =_xlfn.XLOOKUP(B17,Sheet1!$A$2:$A$20,Sheet1!$B$2:$B$20) -> 796749.12
... B24: XIAOMI | C24: =_xlfn.XLOOKUP(B24,[1]Dashboard!$A$4:$A$23,[1]Dashboard!$C$4:$C$23) -> 0 | D24: =_xlfn.XLOOKUP(B24,'[1]Average Of Value_Index'!$K$4:$K$22,'[1]Average Of Value_Index'!$L$4:$L$22) -> 9.3789424e-06 | E24: =_xlfn.XLOOKUP(B24,Sheet1!$A$2:$A$20,Sheet1!$B$2:$B$20) -> 2177899.9
